1,Barrie,Haydon,Pembry,Dearnaly,hdearnaly0@weibo.com,,5/17/2001,,
2,Randolph,Griffy,Saggs,Nolte,gnolte1@google.cn,,11/30/1998,,
3,Gerri,Rinaldo,Tripony,Lippard,rlippard2@opensource.org,,9/03/1981,,
4,Galvin,Scotti,Libby,Morris,smorris3@free.fr,,4/02/1998,,
5,Goddart,Hinze,Berick,Setchfield,hsetchfield4@shinystat.com,,01/19/1989,,
6,Arni,Stacee,Eagling,Brownsea,sbrownsea5@youtu.be,,10/18/1996,,
7,Salem,Dore,Nurny,Bompas,dbompas6@bing.com,,9/17/1992,,
8,Fairleigh,Casper,Hully,Ashcroft,cashcroft7@fc2.com,,2/22/1994,,
9,Dannel,Dorey,Treven,Ponte,dponte8@xing.com,,5/22/1988,,
10,Gunar,Sayres,Physick,Preuvost,spreuvost9@tuttocitta.it,,1/02/1998,,
11,Wilden,Kareem,Boulsher,Downer,kdownera@t.co,,6/04/1984,,
12,Cameron,Reynard,Stolz,Austwick,raustwickb@myspace.com,,7/11/1985,,
13,Ringo,Waylen,Gunn,Quennell,wquennellc@discuz.net,,12/12/1983,,
14,Fidole,Kiel,Devorill,Bothams,kbothamsd@narod.ru,,3/11/1985,,
15,Cassie,Darrell,Hannah,Chetwynd,dchetwynde@slideshare.net,,7/08/1991,,
16,Arthur,Carlyle,Adlem,Coppens,ccoppensf@sphinn.com,,11/07/1985,,
17,Oby,Rip,Pettiford,Diggell,rdiggellg@hp.com,,5/08/1994,,
18,Leroy,Neville,Priver,Craigie,ncraigieh@wisc.edu,,11/03/1993,,
19,Trevor,Currie,Biasioni,DAvaux,cdavauxi@goodreads.com,,12/09/1997,,
20,Vassily,Darnall,Brayley,Thal,dthalj@ask.com,,1/02/1992,,
21,Ivan,Diego,Arango,Saucedo,ivand@gmail.com,,5/5/1998,,
22,Lester,Andres,García,Aquino,lester@gmail.com,,5/5/1998,,
23,Hector,Andres,Zetino,Aquino,hector@gmail.com,,5/5/1998,,
24,Pablo ,Javier,Garcia,Montenegro,pablo@gmail.com,,7/27/1998,,
25,Carlos,Andrés,Morales,Lara,carlos@gmail.com,,5/5/1998,,
26,Carlos,Javier,Morales,Lara,carlos1@gmail.com,,5/5/1998,,
27,Sebastian,Jared,Garcia,Zetino,sjgz@gmail.com,,5/5/1998,,
28,Sebastian,Jared,Garcia,Zetino,sjgz1@gmail.com,,5/5/1998,,
29,Jennifer,Sucely,Fletcher,Garcia,jensu@webtoon.com,,6/15/1996,,
30,Carlos,Andres,Rodriguez,Fernandez,carro@gmail.com,,7/25/1997,,
31,Andres,Jose,Bartmeiden,Artiaga,bartmeia@gmail.com,,8/26/1999,,
32,Ivan,Jose,Arreaga,Montes,ivam@gmail.com,,2/9/1994,,
33,Ricardo,Esteban,Sandoval,Mejia,resme@correo.com,,7/5/1995,,
34,Ivania,Esperanza,Ramirez,Meta,ivaespe@correo.url.com,,7/8/1999,,
35,Elena,Rocio,Lopez,Melgar,elerolo@correo.url.com,,9/5/1996,,
